{"packages/flutter_icons/fonts/AntDesign.ttf":["packages/flutter_icons/fonts/AntDesign.ttf"],"packages/cupertino_icons/assets/CupertinoIcons.ttf":["packages/cupertino_icons/assets/CupertinoIcons.ttf"],"packages/flutter_icons/fonts/Entypo.ttf":["packages/flutter_icons/fonts/Entypo.ttf"],"packages/flutter_icons/fonts/EvilIcons.ttf":["packages/flutter_icons/fonts/EvilIcons.ttf"],"packages/flutter_icons/fonts/Feather.ttf":["packages/flutter_icons/fonts/Feather.ttf"],"packages/flutter_icons/fonts/FontAwesome.ttf":["packages/flutter_icons/fonts/FontAwesome.ttf"],"packages/flutter_icons/fonts/FontAwesome5_Brands.ttf":["packages/flutter_icons/fonts/FontAwesome5_Brands.ttf"],"packages/flutter_icons/fonts/FontAwesome5_Regular.ttf":["packages/flutter_icons/fonts/FontAwesome5_Regular.ttf"],"packages/flutter_icons/fonts/FontAwesome5_Solid.ttf":["packages/flutter_icons/fonts/FontAwesome5_Solid.ttf"],"packages/flutter_icons/fonts/Foundation.ttf":["packages/flutter_icons/fonts/Foundation.ttf"],"packages/flutter_icons/fonts/Ionicons.ttf":["packages/flutter_icons/fonts/Ionicons.ttf"],"packages/flutter_icons/fonts/MaterialCommunityIcons.ttf":["packages/flutter_icons/fonts/MaterialCommunityIcons.ttf"],"packages/flutter_icons/fonts/MaterialIcons.ttf":["packages/flutter_icons/fonts/MaterialIcons.ttf"],"packages/flutter_icons/fonts/Octicons.ttf":["packages/flutter_icons/fonts/Octicons.ttf"],"packages/flutter_icons/fonts/SimpleLineIcons.ttf":["packages/flutter_icons/fonts/SimpleLineIcons.ttf"],"packages/flutter_icons/fonts/Zocial.ttf":["packages/flutter_icons/fonts/Zocial.ttf"],"packages/intl_phone_number_input/assets/flags/ad.png":["packages/intl_phone_number_input/assets/flags/ad.png"],"packages/intl_phone_number_input/assets/flags/ae.png":["packages/intl_phone_number_input/assets/flags/ae.png"],"packages/intl_phone_number_input/assets/flags/af.png":["packages/intl_phone_number_input/assets/flags/af.png"],"packages/intl_phone_number_input/assets/flags/ag.png":["packages/intl_phone_number_input/assets/flags/ag.png"],"packages/intl_phone_number_input/assets/flags/ai.png":["packages/intl_phone_number_input/assets/flags/ai.png"],"packages/intl_phone_number_input/assets/flags/al.png":["packages/intl_phone_number_input/assets/flags/al.png"],"packages/intl_phone_number_input/assets/flags/am.png":["packages/intl_phone_number_input/assets/flags/am.png"],"packages/intl_phone_number_input/assets/flags/an.png":["packages/intl_phone_number_input/assets/flags/an.png"],"packages/intl_phone_number_input/assets/flags/ao.png":["packages/intl_phone_number_input/assets/flags/ao.png"],"assets/app_logo.png":["assets/app_logo.png"],"packages/intl_phone_number_input/assets/flags/aq.png":["packages/intl_phone_number_input/assets/flags/aq.png"],"packages/intl_phone_number_input/assets/flags/ar.png":["packages/intl_phone_number_input/assets/flags/ar.png"],"packages/intl_phone_number_input/assets/flags/as.png":["packages/intl_phone_number_input/assets/flags/as.png"],"packages/intl_phone_number_input/assets/flags/at.png":["packages/intl_phone_number_input/assets/flags/at.png"],"packages/intl_phone_number_input/assets/flags/au.png":["packages/intl_phone_number_input/assets/flags/au.png"],"packages/intl_phone_number_input/assets/flags/aw.png":["packages/intl_phone_number_input/assets/flags/aw.png"],"packages/intl_phone_number_input/assets/flags/ax.png":["packages/intl_phone_number_input/assets/flags/ax.png"],"packages/intl_phone_number_input/assets/flags/az.png":["packages/intl_phone_number_input/assets/flags/az.png"],"dummy_assets/b1.jpeg":["dummy_assets/b1.jpeg"],"dummy_assets/b10.jpeg":["dummy_assets/b10.jpeg"],"dummy_assets/b2.jpeg":["dummy_assets/b2.jpeg"],"dummy_assets/b3.jpeg":["dummy_assets/b3.jpeg"],"dummy_assets/b4.jpeg":["dummy_assets/b4.jpeg"],"dummy_assets/b5.jpeg":["dummy_assets/b5.jpeg"],"dummy_assets/b6.jpeg":["dummy_assets/b6.jpeg"],"dummy_assets/b7.jpeg":["dummy_assets/b7.jpeg"],"dummy_assets/b8.jpeg":["dummy_assets/b8.jpeg"],"dummy_assets/b9.jpeg":["dummy_assets/b9.jpeg"],"packages/intl_phone_number_input/assets/flags/ba.png":["packages/intl_phone_number_input/assets/flags/ba.png"],"packages/intl_phone_number_input/assets/flags/bb.png":["packages/intl_phone_number_input/assets/flags/bb.png"],"packages/intl_phone_number_input/assets/flags/bd.png":["packages/intl_phone_number_input/assets/flags/bd.png"],"packages/intl_phone_number_input/assets/flags/be.png":["packages/intl_phone_number_input/assets/flags/be.png"],"assets/bell.png":["assets/bell.png"],"packages/intl_phone_number_input/assets/flags/bf.png":["packages/intl_phone_number_input/assets/flags/bf.png"],"packages/intl_phone_number_input/assets/flags/bg.png":["packages/intl_phone_number_input/assets/flags/bg.png"],"packages/intl_phone_number_input/assets/flags/bh.png":["packages/intl_phone_number_input/assets/flags/bh.png"],"packages/intl_phone_number_input/assets/flags/bi.png":["packages/intl_phone_number_input/assets/flags/bi.png"],"packages/intl_phone_number_input/assets/flags/bj.png":["packages/intl_phone_number_input/assets/flags/bj.png"],"packages/intl_phone_number_input/assets/flags/bl.png":["packages/intl_phone_number_input/assets/flags/bl.png"],"packages/intl_phone_number_input/assets/flags/bm.png":["packages/intl_phone_number_input/assets/flags/bm.png"],"packages/intl_phone_number_input/assets/flags/bn.png":["packages/intl_phone_number_input/assets/flags/bn.png"],"packages/intl_phone_number_input/assets/flags/bo.png":["packages/intl_phone_number_input/assets/flags/bo.png"],"packages/intl_phone_number_input/assets/flags/bq.png":["packages/intl_phone_number_input/assets/flags/bq.png"],"packages/intl_phone_number_input/assets/flags/br.png":["packages/intl_phone_number_input/assets/flags/br.png"],"assets/brands.png":["assets/brands.png"],"packages/intl_phone_number_input/assets/flags/bs.png":["packages/intl_phone_number_input/assets/flags/bs.png"],"packages/intl_phone_number_input/assets/flags/bt.png":["packages/intl_phone_number_input/assets/flags/bt.png"],"packages/intl_phone_number_input/assets/flags/bv.png":["packages/intl_phone_number_input/assets/flags/bv.png"],"packages/intl_phone_number_input/assets/flags/bw.png":["packages/intl_phone_number_input/assets/flags/bw.png"],"packages/intl_phone_number_input/assets/flags/by.png":["packages/intl_phone_number_input/assets/flags/by.png"],"packages/intl_phone_number_input/assets/flags/bz.png":["packages/intl_phone_number_input/assets/flags/bz.png"],"packages/intl_phone_number_input/assets/flags/ca.png":["packages/intl_phone_number_input/assets/flags/ca.png"],"assets/campaigns.png":["assets/campaigns.png"],"assets/cart.png":["assets/cart.png"],"assets/categories.png":["assets/categories.png"],"packages/intl_phone_number_input/assets/flags/cc.png":["packages/intl_phone_number_input/assets/flags/cc.png"],"packages/intl_phone_number_input/assets/flags/cd.png":["packages/intl_phone_number_input/assets/flags/cd.png"],"packages/intl_phone_number_input/assets/flags/cf.png":["packages/intl_phone_number_input/assets/flags/cf.png"],"packages/intl_phone_number_input/assets/flags/cg.png":["packages/intl_phone_number_input/assets/flags/cg.png"],"packages/intl_phone_number_input/assets/flags/ch.png":["packages/intl_phone_number_input/assets/flags/ch.png"],"assets/chat.png":["assets/chat.png"],"packages/intl_phone_number_input/assets/flags/ci.png":["packages/intl_phone_number_input/assets/flags/ci.png"],"packages/intl_phone_number_input/assets/flags/ck.png":["packages/intl_phone_number_input/assets/flags/ck.png"],"packages/intl_phone_number_input/assets/flags/cl.png":["packages/intl_phone_number_input/assets/flags/cl.png"],"packages/intl_phone_number_input/assets/flags/cm.png":["packages/intl_phone_number_input/assets/flags/cm.png"],"packages/intl_phone_number_input/assets/flags/cn.png":["packages/intl_phone_number_input/assets/flags/cn.png"],"packages/intl_phone_number_input/assets/flags/co.png":["packages/intl_phone_number_input/assets/flags/co.png"],"dummy_assets/cod.png":["dummy_assets/cod.png"],"packages/intl_phone_number_input/assets/flags/cr.png":["packages/intl_phone_number_input/assets/flags/cr.png"],"packages/intl_phone_number_input/assets/flags/cu.png":["packages/intl_phone_number_input/assets/flags/cu.png"],"packages/intl_phone_number_input/assets/flags/cv.png":["packages/intl_phone_number_input/assets/flags/cv.png"],"packages/intl_phone_number_input/assets/flags/cw.png":["packages/intl_phone_number_input/assets/flags/cw.png"],"packages/intl_phone_number_input/assets/flags/cx.png":["packages/intl_phone_number_input/assets/flags/cx.png"],"packages/intl_phone_number_input/assets/flags/cy.png":["packages/intl_phone_number_input/assets/flags/cy.png"],"packages/intl_phone_number_input/assets/flags/cz.png":["packages/intl_phone_number_input/assets/flags/cz.png"],"packages/intl_phone_number_input/assets/flags/de.png":["packages/intl_phone_number_input/assets/flags/de.png"],"assets/delivery_map_icon.png":["assets/delivery_map_icon.png"],"packages/intl_phone_number_input/assets/flags/dj.png":["packages/intl_phone_number_input/assets/flags/dj.png"],"packages/intl_phone_number_input/assets/flags/dk.png":["packages/intl_phone_number_input/assets/flags/dk.png"],"packages/intl_phone_number_input/assets/flags/dm.png":["packages/intl_phone_number_input/assets/flags/dm.png"],"packages/intl_phone_number_input/assets/flags/do.png":["packages/intl_phone_number_input/assets/flags/do.png"],"packages/progress_dialog/assets/double_ring_loading_io.gif":["packages/progress_dialog/assets/double_ring_loading_io.gif"],"packages/intl_phone_number_input/assets/flags/dz.png":["packages/intl_phone_number_input/assets/flags/dz.png"],"packages/intl_phone_number_input/assets/flags/ec.png":["packages/intl_phone_number_input/assets/flags/ec.png"],"packages/intl_phone_number_input/assets/flags/ee.png":["packages/intl_phone_number_input/assets/flags/ee.png"],"packages/intl_phone_number_input/assets/flags/eg.png":["packages/intl_phone_number_input/assets/flags/eg.png"],"packages/intl_phone_number_input/assets/flags/eh.png":["packages/intl_phone_number_input/assets/flags/eh.png"],"packages/intl_phone_number_input/assets/flags/er.png":["packages/intl_phone_number_input/assets/flags/er.png"],"packages/intl_phone_number_input/assets/flags/es.png":["packages/intl_phone_number_input/assets/flags/es.png"],"packages/intl_phone_number_input/assets/flags/et.png":["packages/intl_phone_number_input/assets/flags/et.png"],"packages/intl_phone_number_input/assets/flags/eu.png":["packages/intl_phone_number_input/assets/flags/eu.png"],"assets/facebook_logo.png":["assets/facebook_logo.png"],"dummy_assets/fc1.jpeg":["dummy_assets/fc1.jpeg"],"dummy_assets/fc10.jpg":["dummy_assets/fc10.jpg"],"dummy_assets/fc2.jpeg":["dummy_assets/fc2.jpeg"],"dummy_assets/fc3.jpeg":["dummy_assets/fc3.jpeg"],"dummy_assets/fc4.jpeg":["dummy_assets/fc4.jpeg"],"dummy_assets/fc5.jpeg":["dummy_assets/fc5.jpeg"],"dummy_assets/fc6.jpeg":["dummy_assets/fc6.jpeg"],"dummy_assets/fc7.jpeg":["dummy_assets/fc7.jpeg"],"dummy_assets/fc8.jpeg":["dummy_assets/fc8.jpeg"],"dummy_assets/fc9.jpeg":["dummy_assets/fc9.jpeg"],"dummy_assets/fd1.jpg":["dummy_assets/fd1.jpg"],"dummy_assets/fd2.jpg":["dummy_assets/fd2.jpg"],"dummy_assets/fd3.jpg":["dummy_assets/fd3.jpg"],"packages/intl_phone_number_input/assets/flags/fi.png":["packages/intl_phone_number_input/assets/flags/fi.png"],"packages/intl_phone_number_input/assets/flags/fj.png":["packages/intl_phone_number_input/assets/flags/fj.png"],"packages/intl_phone_number_input/assets/flags/fk.png":["packages/intl_phone_number_input/assets/flags/fk.png"],"assets/flash_deal.png":["assets/flash_deal.png"],"dummy_assets/flutterwave.png":["dummy_assets/flutterwave.png"],"packages/intl_phone_number_input/assets/flags/fm.png":["packages/intl_phone_number_input/assets/flags/fm.png"],"packages/intl_phone_number_input/assets/flags/fo.png":["packages/intl_phone_number_input/assets/flags/fo.png"],"packages/intl_phone_number_input/assets/flags/fr.png":["packages/intl_phone_number_input/assets/flags/fr.png"],"packages/intl_phone_number_input/assets/flags/ga.png":["packages/intl_phone_number_input/assets/flags/ga.png"],"packages/intl_phone_number_input/assets/flags/gb-eng.png":["packages/intl_phone_number_input/assets/flags/gb-eng.png"],"packages/intl_phone_number_input/assets/flags/gb-nir.png":["packages/intl_phone_number_input/assets/flags/gb-nir.png"],"packages/intl_phone_number_input/assets/flags/gb-sct.png":["packages/intl_phone_number_input/assets/flags/gb-sct.png"],"packages/intl_phone_number_input/assets/flags/gb-wls.png":["packages/intl_phone_number_input/assets/flags/gb-wls.png"],"packages/intl_phone_number_input/assets/flags/gb.png":["packages/intl_phone_number_input/assets/flags/gb.png"],"packages/intl_phone_number_input/assets/flags/gd.png":["packages/intl_phone_number_input/assets/flags/gd.png"],"packages/intl_phone_number_input/assets/flags/ge.png":["packages/intl_phone_number_input/assets/flags/ge.png"],"packages/intl_phone_number_input/assets/flags/gf.png":["packages/intl_phone_number_input/assets/flags/gf.png"],"packages/intl_phone_number_input/assets/flags/gg.png":["packages/intl_phone_number_input/assets/flags/gg.png"],"packages/intl_phone_number_input/assets/flags/gh.png":["packages/intl_phone_number_input/assets/flags/gh.png"],"packages/intl_phone_number_input/assets/flags/gi.png":["packages/intl_phone_number_input/assets/flags/gi.png"],"packages/intl_phone_number_input/assets/flags/gl.png":["packages/intl_phone_number_input/assets/flags/gl.png"],"packages/intl_phone_number_input/assets/flags/gm.png":["packages/intl_phone_number_input/assets/flags/gm.png"],"packages/intl_phone_number_input/assets/flags/gn.png":["packages/intl_phone_number_input/assets/flags/gn.png"],"assets/google_logo.png":["assets/google_logo.png"],"packages/intl_phone_number_input/assets/flags/gp.png":["packages/intl_phone_number_input/assets/flags/gp.png"],"packages/intl_phone_number_input/assets/flags/gq.png":["packages/intl_phone_number_input/assets/flags/gq.png"],"packages/intl_phone_number_input/assets/flags/gr.png":["packages/intl_phone_number_input/assets/flags/gr.png"],"packages/intl_phone_number_input/assets/flags/gs.png":["packages/intl_phone_number_input/assets/flags/gs.png"],"packages/intl_phone_number_input/assets/flags/gt.png":["packages/intl_phone_number_input/assets/flags/gt.png"],"packages/intl_phone_number_input/assets/flags/gu.png":["packages/intl_phone_number_input/assets/flags/gu.png"],"packages/intl_phone_number_input/assets/flags/gw.png":["packages/intl_phone_number_input/assets/flags/gw.png"],"packages/intl_phone_number_input/assets/flags/gy.png":["packages/intl_phone_number_input/assets/flags/gy.png"],"assets/hamburger.png":["assets/hamburger.png"],"assets/headphone.png":["assets/headphone.png"],"assets/heart.png":["assets/heart.png"],"packages/intl_phone_number_input/assets/flags/hk.png":["packages/intl_phone_number_input/assets/flags/hk.png"],"packages/intl_phone_number_input/assets/flags/hm.png":["packages/intl_phone_number_input/assets/flags/hm.png"],"packages/intl_phone_number_input/assets/flags/hn.png":["packages/intl_phone_number_input/assets/flags/hn.png"],"assets/home.png":["assets/home.png"],"packages/intl_phone_number_input/assets/flags/hr.png":["packages/intl_phone_number_input/assets/flags/hr.png"],"packages/intl_phone_number_input/assets/flags/ht.png":["packages/intl_phone_number_input/assets/flags/ht.png"],"packages/intl_phone_number_input/assets/flags/hu.png":["packages/intl_phone_number_input/assets/flags/hu.png"],"packages/intl_phone_number_input/assets/flags/id.png":["packages/intl_phone_number_input/assets/flags/id.png"],"packages/intl_phone_number_input/assets/flags/ie.png":["packages/intl_phone_number_input/assets/flags/ie.png"],"packages/intl_phone_number_input/assets/flags/il.png":["packages/intl_phone_number_input/assets/flags/il.png"],"packages/intl_phone_number_input/assets/flags/im.png":["packages/intl_phone_number_input/assets/flags/im.png"],"packages/intl_phone_number_input/assets/flags/in.png":["packages/intl_phone_number_input/assets/flags/in.png"],"dummy_assets/instamojo.png":["dummy_assets/instamojo.png"],"packages/intl_phone_number_input/assets/flags/io.png":["packages/intl_phone_number_input/assets/flags/io.png"],"packages/intl_phone_number_input/assets/flags/iq.png":["packages/intl_phone_number_input/assets/flags/iq.png"],"packages/intl_phone_number_input/assets/flags/ir.png":["packages/intl_phone_number_input/assets/flags/ir.png"],"packages/intl_phone_number_input/assets/flags/is.png":["packages/intl_phone_number_input/assets/flags/is.png"],"packages/intl_phone_number_input/assets/flags/it.png":["packages/intl_phone_number_input/assets/flags/it.png"],"dummy_assets/iyzico.png":["dummy_assets/iyzico.png"],"packages/intl_phone_number_input/assets/flags/je.png":["packages/intl_phone_number_input/assets/flags/je.png"],"packages/intl_phone_number_input/assets/flags/jm.png":["packages/intl_phone_number_input/assets/flags/jm.png"],"packages/intl_phone_number_input/assets/flags/jo.png":["packages/intl_phone_number_input/assets/flags/jo.png"],"packages/intl_phone_number_input/assets/flags/jp.png":["packages/intl_phone_number_input/assets/flags/jp.png"],"packages/intl_phone_number_input/assets/flags/ke.png":["packages/intl_phone_number_input/assets/flags/ke.png"],"packages/intl_phone_number_input/assets/flags/kg.png":["packages/intl_phone_number_input/assets/flags/kg.png"],"packages/intl_phone_number_input/assets/flags/kh.png":["packages/intl_phone_number_input/assets/flags/kh.png"],"packages/intl_phone_number_input/assets/flags/ki.png":["packages/intl_phone_number_input/assets/flags/ki.png"],"packages/intl_phone_number_input/assets/flags/km.png":["packages/intl_phone_number_input/assets/flags/km.png"],"packages/intl_phone_number_input/assets/flags/kn.png":["packages/intl_phone_number_input/assets/flags/kn.png"],"assets/knet.png":["assets/knet.png"],"packages/intl_phone_number_input/assets/flags/kp.png":["packages/intl_phone_number_input/assets/flags/kp.png"],"packages/intl_phone_number_input/assets/flags/kr.png":["packages/intl_phone_number_input/assets/flags/kr.png"],"packages/intl_phone_number_input/assets/flags/kw.png":["packages/intl_phone_number_input/assets/flags/kw.png"],"packages/intl_phone_number_input/assets/flags/ky.png":["packages/intl_phone_number_input/assets/flags/ky.png"],"packages/intl_phone_number_input/assets/flags/kz.png":["packages/intl_phone_number_input/assets/flags/kz.png"],"packages/intl_phone_number_input/assets/flags/la.png":["packages/intl_phone_number_input/assets/flags/la.png"],"packages/intl_phone_number_input/assets/flags/lb.png":["packages/intl_phone_number_input/assets/flags/lb.png"],"packages/intl_phone_number_input/assets/flags/lc.png":["packages/intl_phone_number_input/assets/flags/lc.png"],"packages/intl_phone_number_input/assets/flags/li.png":["packages/intl_phone_number_input/assets/flags/li.png"],"packages/libphonenumber_plugin/assets/js/libphonenumber.js":["packages/libphonenumber_plugin/assets/js/libphonenumber.js"],"packages/libphonenumber_plugin/js/libphonenumber.js":["packages/libphonenumber_plugin/js/libphonenumber.js"],"packages/intl_phone_number_input/assets/flags/lk.png":["packages/intl_phone_number_input/assets/flags/lk.png"],"assets/login.png":["assets/login.png"],"assets/login_registration_form_logo.png":["assets/login_registration_form_logo.png"],"assets/logout.png":["assets/logout.png"],"packages/intl_phone_number_input/assets/flags/lr.png":["packages/intl_phone_number_input/assets/flags/lr.png"],"packages/intl_phone_number_input/assets/flags/ls.png":["packages/intl_phone_number_input/assets/flags/ls.png"],"packages/intl_phone_number_input/assets/flags/lt.png":["packages/intl_phone_number_input/assets/flags/lt.png"],"packages/intl_phone_number_input/assets/flags/lu.png":["packages/intl_phone_number_input/assets/flags/lu.png"],"packages/intl_phone_number_input/assets/flags/lv.png":["packages/intl_phone_number_input/assets/flags/lv.png"],"packages/intl_phone_number_input/assets/flags/ly.png":["packages/intl_phone_number_input/assets/flags/ly.png"],"packages/intl_phone_number_input/assets/flags/ma.png":["packages/intl_phone_number_input/assets/flags/ma.png"],"assets/map_style.json":["assets/map_style.json"],"packages/intl_phone_number_input/assets/flags/mc.png":["packages/intl_phone_number_input/assets/flags/mc.png"],"packages/intl_phone_number_input/assets/flags/md.png":["packages/intl_phone_number_input/assets/flags/md.png"],"packages/intl_phone_number_input/assets/flags/me.png":["packages/intl_phone_number_input/assets/flags/me.png"],"packages/intl_phone_number_input/assets/flags/mf.png":["packages/intl_phone_number_input/assets/flags/mf.png"],"packages/intl_phone_number_input/assets/flags/mg.png":["packages/intl_phone_number_input/assets/flags/mg.png"],"packages/intl_phone_number_input/assets/flags/mh.png":["packages/intl_phone_number_input/assets/flags/mh.png"],"assets/minus.png":["assets/minus.png"],"packages/intl_phone_number_input/assets/flags/mk.png":["packages/intl_phone_number_input/assets/flags/mk.png"],"packages/intl_phone_number_input/assets/flags/ml.png":["packages/intl_phone_number_input/assets/flags/ml.png"],"packages/intl_phone_number_input/assets/flags/mm.png":["packages/intl_phone_number_input/assets/flags/mm.png"],"packages/intl_phone_number_input/assets/flags/mn.png":["packages/intl_phone_number_input/assets/flags/mn.png"],"packages/intl_phone_number_input/assets/flags/mo.png":["packages/intl_phone_number_input/assets/flags/mo.png"],"packages/intl_phone_number_input/assets/flags/mp.png":["packages/intl_phone_number_input/assets/flags/mp.png"],"dummy_assets/mpesa.png":["dummy_assets/mpesa.png"],"packages/intl_phone_number_input/assets/flags/mq.png":["packages/intl_phone_number_input/assets/flags/mq.png"],"packages/intl_phone_number_input/assets/flags/mr.png":["packages/intl_phone_number_input/assets/flags/mr.png"],"packages/intl_phone_number_input/assets/flags/ms.png":["packages/intl_phone_number_input/assets/flags/ms.png"],"packages/intl_phone_number_input/assets/flags/mt.png":["packages/intl_phone_number_input/assets/flags/mt.png"],"packages/intl_phone_number_input/assets/flags/mu.png":["packages/intl_phone_number_input/assets/flags/mu.png"],"packages/intl_phone_number_input/assets/flags/mv.png":["packages/intl_phone_number_input/assets/flags/mv.png"],"packages/intl_phone_number_input/assets/flags/mw.png":["packages/intl_phone_number_input/assets/flags/mw.png"],"packages/intl_phone_number_input/assets/flags/mx.png":["packages/intl_phone_number_input/assets/flags/mx.png"],"packages/intl_phone_number_input/assets/flags/my.png":["packages/intl_phone_number_input/assets/flags/my.png"],"assets/my_fatoorah.png":["assets/my_fatoorah.png"],"packages/intl_phone_number_input/assets/flags/mz.png":["packages/intl_phone_number_input/assets/flags/mz.png"],"packages/intl_phone_number_input/assets/flags/na.png":["packages/intl_phone_number_input/assets/flags/na.png"],"packages/intl_phone_number_input/assets/flags/nc.png":["packages/intl_phone_number_input/assets/flags/nc.png"],"packages/intl_phone_number_input/assets/flags/ne.png":["packages/intl_phone_number_input/assets/flags/ne.png"],"packages/intl_phone_number_input/assets/flags/nf.png":["packages/intl_phone_number_input/assets/flags/nf.png"],"packages/intl_phone_number_input/assets/flags/ng.png":["packages/intl_phone_number_input/assets/flags/ng.png"],"dummy_assets/ngenius.png":["dummy_assets/ngenius.png"],"packages/intl_phone_number_input/assets/flags/ni.png":["packages/intl_phone_number_input/assets/flags/ni.png"],"packages/intl_phone_number_input/assets/flags/nl.png":["packages/intl_phone_number_input/assets/flags/nl.png"],"packages/intl_phone_number_input/assets/flags/no.png":["packages/intl_phone_number_input/assets/flags/no.png"],"packages/intl_phone_number_input/assets/flags/np.png":["packages/intl_phone_number_input/assets/flags/np.png"],"packages/intl_phone_number_input/assets/flags/nr.png":["packages/intl_phone_number_input/assets/flags/nr.png"],"packages/intl_phone_number_input/assets/flags/nu.png":["packages/intl_phone_number_input/assets/flags/nu.png"],"packages/intl_phone_number_input/assets/flags/nz.png":["packages/intl_phone_number_input/assets/flags/nz.png"],"packages/intl_phone_number_input/assets/flags/om.png":["packages/intl_phone_number_input/assets/flags/om.png"],"packages/open_iconic_flutter/assets/open-iconic.woff":["packages/open_iconic_flutter/assets/open-iconic.woff"],"assets/order.png":["assets/order.png"],"dummy_assets/p1.jpeg":["dummy_assets/p1.jpeg"],"dummy_assets/p2.jpeg":["dummy_assets/p2.jpeg"],"dummy_assets/p3.jpeg":["dummy_assets/p3.jpeg"],"dummy_assets/p4.jpeg":["dummy_assets/p4.jpeg"],"dummy_assets/p5.jpeg":["dummy_assets/p5.jpeg"],"dummy_assets/p6.jpeg":["dummy_assets/p6.jpeg"],"dummy_assets/p7.jpeg":["dummy_assets/p7.jpeg"],"packages/intl_phone_number_input/assets/flags/pa.png":["packages/intl_phone_number_input/assets/flags/pa.png"],"dummy_assets/payfast.png":["dummy_assets/payfast.png"],"dummy_assets/payhere.png":["dummy_assets/payhere.png"],"dummy_assets/paypal.png":["dummy_assets/paypal.png"],"dummy_assets/paystack.png":["dummy_assets/paystack.png"],"dummy_assets/paytm.jpg":["dummy_assets/paytm.jpg"],"packages/intl_phone_number_input/assets/flags/pe.png":["packages/intl_phone_number_input/assets/flags/pe.png"],"packages/intl_phone_number_input/assets/flags/pf.png":["packages/intl_phone_number_input/assets/flags/pf.png"],"packages/intl_phone_number_input/assets/flags/pg.png":["packages/intl_phone_number_input/assets/flags/pg.png"],"packages/intl_phone_number_input/assets/flags/ph.png":["packages/intl_phone_number_input/assets/flags/ph.png"],"dummy_assets/pi1.jpg":["dummy_assets/pi1.jpg"],"dummy_assets/pi2.jpg":["dummy_assets/pi2.jpg"],"dummy_assets/pi3.jpg":["dummy_assets/pi3.jpg"],"dummy_assets/pi4.jpg":["dummy_assets/pi4.jpg"],"dummy_assets/pi5.jpg":["dummy_assets/pi5.jpg"],"dummy_assets/pi6.jpg":["dummy_assets/pi6.jpg"],"assets/pirated_landscape.png":["assets/pirated_landscape.png"],"assets/pirated_square.png":["assets/pirated_square.png"],"packages/intl_phone_number_input/assets/flags/pk.png":["packages/intl_phone_number_input/assets/flags/pk.png"],"packages/intl_phone_number_input/assets/flags/pl.png":["packages/intl_phone_number_input/assets/flags/pl.png"],"assets/placeholder.png":["assets/placeholder.png"],"assets/placeholder_rectangle.png":["assets/placeholder_rectangle.png"],"assets/plus.png":["assets/plus.png"],"packages/intl_phone_number_input/assets/flags/pm.png":["packages/intl_phone_number_input/assets/flags/pm.png"],"packages/intl_phone_number_input/assets/flags/pn.png":["packages/intl_phone_number_input/assets/flags/pn.png"],"packages/intl_phone_number_input/assets/flags/pr.png":["packages/intl_phone_number_input/assets/flags/pr.png"],"assets/profile.png":["assets/profile.png"],"dummy_assets/profile_image.png":["dummy_assets/profile_image.png"],"dummy_assets/profile_image_joya_ahsan.jpg":["dummy_assets/profile_image_joya_ahsan.jpg"],"packages/intl_phone_number_input/assets/flags/ps.png":["packages/intl_phone_number_input/assets/flags/ps.png"],"packages/intl_phone_number_input/assets/flags/pt.png":["packages/intl_phone_number_input/assets/flags/pt.png"],"packages/intl_phone_number_input/assets/flags/pw.png":["packages/intl_phone_number_input/assets/flags/pw.png"],"packages/intl_phone_number_input/assets/flags/py.png":["packages/intl_phone_number_input/assets/flags/py.png"],"packages/intl_phone_number_input/assets/flags/qa.png":["packages/intl_phone_number_input/assets/flags/qa.png"],"dummy_assets/rave_payment.png":["dummy_assets/rave_payment.png"],"packages/intl_phone_number_input/assets/flags/re.png":["packages/intl_phone_number_input/assets/flags/re.png"],"packages/intl_phone_number_input/assets/flags/ro.png":["packages/intl_phone_number_input/assets/flags/ro.png"],"dummy_assets/rozarpay.png":["dummy_assets/rozarpay.png"],"packages/intl_phone_number_input/assets/flags/rs.png":["packages/intl_phone_number_input/assets/flags/rs.png"],"packages/intl_phone_number_input/assets/flags/ru.png":["packages/intl_phone_number_input/assets/flags/ru.png"],"packages/intl_phone_number_input/assets/flags/rw.png":["packages/intl_phone_number_input/assets/flags/rw.png"],"dummy_assets/s1.jpg":["dummy_assets/s1.jpg"],"dummy_assets/s10.jpg":["dummy_assets/s10.jpg"],"dummy_assets/s11.jpg":["dummy_assets/s11.jpg"],"dummy_assets/s12.jpg":["dummy_assets/s12.jpg"],"dummy_assets/s2.jpg":["dummy_assets/s2.jpg"],"dummy_assets/s3.jpg":["dummy_assets/s3.jpg"],"dummy_assets/s4.jpg":["dummy_assets/s4.jpg"],"dummy_assets/s5.jpg":["dummy_assets/s5.jpg"],"dummy_assets/s6.jpg":["dummy_assets/s6.jpg"],"dummy_assets/s7.jpg":["dummy_assets/s7.jpg"],"dummy_assets/s8.jpg":["dummy_assets/s8.jpg"],"dummy_assets/s9.jpg":["dummy_assets/s9.jpg"],"packages/intl_phone_number_input/assets/flags/sa.png":["packages/intl_phone_number_input/assets/flags/sa.png"],"dummy_assets/save.png":["dummy_assets/save.png"],"packages/intl_phone_number_input/assets/flags/sb.png":["packages/intl_phone_number_input/assets/flags/sb.png"],"packages/intl_phone_number_input/assets/flags/sc.png":["packages/intl_phone_number_input/assets/flags/sc.png"],"packages/intl_phone_number_input/assets/flags/sd.png":["packages/intl_phone_number_input/assets/flags/sd.png"],"packages/intl_phone_number_input/assets/flags/se.png":["packages/intl_phone_number_input/assets/flags/se.png"],"packages/intl_phone_number_input/assets/flags/sg.png":["packages/intl_phone_number_input/assets/flags/sg.png"],"packages/intl_phone_number_input/assets/flags/sh.png":["packages/intl_phone_number_input/assets/flags/sh.png"],"packages/intl_phone_number_input/assets/flags/si.png":["packages/intl_phone_number_input/assets/flags/si.png"],"packages/intl_phone_number_input/assets/flags/sj.png":["packages/intl_phone_number_input/assets/flags/sj.png"],"packages/intl_phone_number_input/assets/flags/sk.png":["packages/intl_phone_number_input/assets/flags/sk.png"],"packages/intl_phone_number_input/assets/flags/sl.png":["packages/intl_phone_number_input/assets/flags/sl.png"],"dummy_assets/slider_1.png":["dummy_assets/slider_1.png"],"dummy_assets/slider_2.png":["dummy_assets/slider_2.png"],"dummy_assets/slider_3.png":["dummy_assets/slider_3.png"],"dummy_assets/slider_4.png":["dummy_assets/slider_4.png"],"packages/intl_phone_number_input/assets/flags/sm.png":["packages/intl_phone_number_input/assets/flags/sm.png"],"packages/intl_phone_number_input/assets/flags/sn.png":["packages/intl_phone_number_input/assets/flags/sn.png"],"packages/intl_phone_number_input/assets/flags/so.png":["packages/intl_phone_number_input/assets/flags/so.png"],"assets/splash_login_registration_background_image.png":["assets/splash_login_registration_background_image.png"],"assets/splash_screen_logo.png":["assets/splash_screen_logo.png"],"assets/square_logo.png":["assets/square_logo.png"],"packages/intl_phone_number_input/assets/flags/sr.png":["packages/intl_phone_number_input/assets/flags/sr.png"],"packages/intl_phone_number_input/assets/flags/ss.png":["packages/intl_phone_number_input/assets/flags/ss.png"],"dummy_assets/ss1.jpg":["dummy_assets/ss1.jpg"],"dummy_assets/ss2.jpg":["dummy_assets/ss2.jpg"],"dummy_assets/ss3.jpg":["dummy_assets/ss3.jpg"],"dummy_assets/ss4.jpg":["dummy_assets/ss4.jpg"],"dummy_assets/sslcommerz.png":["dummy_assets/sslcommerz.png"],"packages/intl_phone_number_input/assets/flags/st.png":["packages/intl_phone_number_input/assets/flags/st.png"],"packages/libphonenumber_plugin/js/stringbuffer.js":["packages/libphonenumber_plugin/js/stringbuffer.js"],"packages/libphonenumber_plugin/assets/js/stringbuffer.js":["packages/libphonenumber_plugin/assets/js/stringbuffer.js"],"dummy_assets/stripe.png":["dummy_assets/stripe.png"],"packages/intl_phone_number_input/assets/flags/sv.png":["packages/intl_phone_number_input/assets/flags/sv.png"],"packages/intl_phone_number_input/assets/flags/sx.png":["packages/intl_phone_number_input/assets/flags/sx.png"],"packages/intl_phone_number_input/assets/flags/sy.png":["packages/intl_phone_number_input/assets/flags/sy.png"],"packages/intl_phone_number_input/assets/flags/sz.png":["packages/intl_phone_number_input/assets/flags/sz.png"],"packages/intl_phone_number_input/assets/flags/tc.png":["packages/intl_phone_number_input/assets/flags/tc.png"],"packages/intl_phone_number_input/assets/flags/td.png":["packages/intl_phone_number_input/assets/flags/td.png"],"packages/intl_phone_number_input/assets/flags/tf.png":["packages/intl_phone_number_input/assets/flags/tf.png"],"packages/intl_phone_number_input/assets/flags/tg.png":["packages/intl_phone_number_input/assets/flags/tg.png"],"packages/intl_phone_number_input/assets/flags/th.png":["packages/intl_phone_number_input/assets/flags/th.png"],"packages/intl_phone_number_input/assets/flags/tj.png":["packages/intl_phone_number_input/assets/flags/tj.png"],"packages/intl_phone_number_input/assets/flags/tk.png":["packages/intl_phone_number_input/assets/flags/tk.png"],"packages/intl_phone_number_input/assets/flags/tl.png":["packages/intl_phone_number_input/assets/flags/tl.png"],"packages/intl_phone_number_input/assets/flags/tm.png":["packages/intl_phone_number_input/assets/flags/tm.png"],"packages/intl_phone_number_input/assets/flags/tn.png":["packages/intl_phone_number_input/assets/flags/tn.png"],"packages/intl_phone_number_input/assets/flags/to.png":["packages/intl_phone_number_input/assets/flags/to.png"],"assets/todays_deal.png":["assets/todays_deal.png"],"assets/top_categories.png":["assets/top_categories.png"],"assets/top_sellers.png":["assets/top_sellers.png"],"packages/intl_phone_number_input/assets/flags/tr.png":["packages/intl_phone_number_input/assets/flags/tr.png"],"packages/intl_phone_number_input/assets/flags/tt.png":["packages/intl_phone_number_input/assets/flags/tt.png"],"packages/intl_phone_number_input/assets/flags/tv.png":["packages/intl_phone_number_input/assets/flags/tv.png"],"packages/intl_phone_number_input/assets/flags/tw.png":["packages/intl_phone_number_input/assets/flags/tw.png"],"assets/twitter_logo.png":["assets/twitter_logo.png"],"dummy_assets/twocheckout.png":["dummy_assets/twocheckout.png"],"packages/intl_phone_number_input/assets/flags/tz.png":["packages/intl_phone_number_input/assets/flags/tz.png"],"packages/intl_phone_number_input/assets/flags/ua.png":["packages/intl_phone_number_input/assets/flags/ua.png"],"packages/intl_phone_number_input/assets/flags/ug.png":["packages/intl_phone_number_input/assets/flags/ug.png"],"packages/intl_phone_number_input/assets/flags/um.png":["packages/intl_phone_number_input/assets/flags/um.png"],"packages/intl_phone_number_input/assets/flags/us.png":["packages/intl_phone_number_input/assets/flags/us.png"],"packages/intl_phone_number_input/assets/flags/uy.png":["packages/intl_phone_number_input/assets/flags/uy.png"],"packages/intl_phone_number_input/assets/flags/uz.png":["packages/intl_phone_number_input/assets/flags/uz.png"],"packages/intl_phone_number_input/assets/flags/va.png":["packages/intl_phone_number_input/assets/flags/va.png"],"packages/intl_phone_number_input/assets/flags/vc.png":["packages/intl_phone_number_input/assets/flags/vc.png"],"packages/intl_phone_number_input/assets/flags/ve.png":["packages/intl_phone_number_input/assets/flags/ve.png"],"packages/intl_phone_number_input/assets/flags/vg.png":["packages/intl_phone_number_input/assets/flags/vg.png"],"packages/intl_phone_number_input/assets/flags/vi.png":["packages/intl_phone_number_input/assets/flags/vi.png"],"packages/intl_phone_number_input/assets/flags/vn.png":["packages/intl_phone_number_input/assets/flags/vn.png"],"dummy_assets/vogue.png":["dummy_assets/vogue.png"],"packages/intl_phone_number_input/assets/flags/vu.png":["packages/intl_phone_number_input/assets/flags/vu.png"],"dummy_assets/wallet.png":["dummy_assets/wallet.png"],"assets/wallet.png":["assets/wallet.png"],"packages/flutter_icons/fonts/weathericons.ttf":["packages/flutter_icons/fonts/weathericons.ttf"],"packages/intl_phone_number_input/assets/flags/wf.png":["packages/intl_phone_number_input/assets/flags/wf.png"],"assets/white_tick.png":["assets/white_tick.png"],"packages/intl_phone_number_input/assets/flags/ws.png":["packages/intl_phone_number_input/assets/flags/ws.png"],"packages/intl_phone_number_input/assets/flags/xk.png":["packages/intl_phone_number_input/assets/flags/xk.png"],"packages/intl_phone_number_input/assets/flags/ye.png":["packages/intl_phone_number_input/assets/flags/ye.png"],"packages/intl_phone_number_input/assets/flags/yt.png":["packages/intl_phone_number_input/assets/flags/yt.png"],"packages/intl_phone_number_input/assets/flags/za.png":["packages/intl_phone_number_input/assets/flags/za.png"],"packages/intl_phone_number_input/assets/flags/zm.png":["packages/intl_phone_number_input/assets/flags/zm.png"],"packages/intl_phone_number_input/assets/flags/zw.png":["packages/intl_phone_number_input/assets/flags/zw.png"]}